Epoch,Training_MSE,Validation_MSE
1,0.285163326603237,0.23091591894626617
2,0.250755313078154,0.23592734336853027
3,0.23126765977094477,0.21757419407367706
4,0.21715362749869957,0.2085549682378769
5,0.21194995958450225,0.2047218531370163
6,0.2100467288226377,0.20472870767116547
7,0.2062154985409357,0.19943557679653168
8,0.20617859793479273,0.19908805191516876
9,0.20542515424332966,0.1945776641368866
10,0.20309890922957335,0.20161141455173492
11,0.20319634935393308,0.19714078307151794
12,0.20064953398377805,0.20239190757274628
13,0.2005603393047477,0.1936238408088684
14,0.2000826403447599,0.19411171972751617
15,0.19886058815132768,0.19533151388168335
16,0.19951187923329386,0.1888161152601242
17,0.19799628879134235,0.19648310542106628
18,0.196766690530574,0.18449705839157104
19,0.19468339607015567,0.18547961115837097
20,0.1950534435206297,0.1905372440814972
21,0.19339224590087145,0.18267370760440826
22,0.19168439242776586,0.18447010219097137
23,0.19028270028483338,0.18550263345241547
24,0.19031512472046358,0.17783471941947937
25,0.18854743495627022,0.17541024088859558
26,0.18733888235457913,0.18456940352916718
27,0.18952793623723138,0.1813790649175644
28,0.18596047014206016,0.17964565753936768
29,0.1855514607685439,0.16964024305343628
30,0.1823416778480034,0.1741451621055603
31,0.18233658311716752,0.17831245064735413
32,0.18237478749172106,0.16335691511631012
33,0.1782262611766936,0.1654156893491745
34,0.18051068543397053,0.16011987626552582
35,0.1780551749446673,0.16705289483070374
36,0.17513287695527244,0.1703065037727356
37,0.17254116374546918,0.16360419988632202
38,0.17306774271451916,0.1618729829788208
39,0.17056384350730597,0.1546170711517334
40,0.16983906860816542,0.1543150097131729
41,0.1654288777409131,0.14740557968616486
42,0.17041554752075042,0.14909067749977112
43,0.16551120370690736,0.1599643975496292
44,0.16057128189780387,0.1598048359155655
45,0.15812765517720048,0.14345087110996246
46,0.15795573740800525,0.1394679844379425
47,0.1587157263007507,0.15354837477207184
48,0.15547508116286352,0.1473059058189392
49,0.15301839689088495,0.15065301954746246
50,0.15580200922850682,0.14363156259059906
51,0.15189860222296067,0.1462446004152298
52,0.14870896726438287,0.13754811882972717
53,0.14841364189659093,0.14765404164791107
54,0.14703283317991206,0.14271511137485504
55,0.14523450027956997,0.14612224698066711
56,0.1434888920457574,0.13092374801635742
57,0.14343332587848262,0.13614137470722198
58,0.14555793093244915,0.13756167888641357
59,0.14402857892496032,0.1386123150587082
60,0.14088738900372377,0.15608270466327667
61,0.14069299900717822,0.1318199783563614
62,0.14226684752885285,0.14169611036777496
63,0.14004416996441793,0.13035225868225098
64,0.14061907037209623,0.13010984659194946
65,0.13823181237042698,0.13423261046409607
66,0.1392509400326503,0.1340208202600479
67,0.13953442895394294,0.13869580626487732
68,0.138602167583483,0.13091684877872467
69,0.13728333821515717,0.13245876133441925
70,0.13741597954300572,0.14062567055225372
71,0.13490515238208495,0.13450492918491364
72,0.1340835306180369,0.12757471203804016
73,0.1338109462572194,0.13514144718647003
74,0.13260823186941217,0.13602368533611298
75,0.13529046331545888,0.12774188816547394
76,0.1363419076956524,0.13378484547138214
77,0.13402895809407314,0.13334086537361145
78,0.13136650668782127,0.13663356006145477
79,0.13160094204718595,0.12848202884197235
80,0.13183807896570934,0.12824015319347382
81,0.12960716001259284,0.1352388560771942
82,0.13099024397501968,0.13292351365089417
83,0.12846340671845338,0.1317969262599945
84,0.12886795031927575,0.125466451048851
85,0.13103695099686716,0.13297975063323975
86,0.12919510918936591,0.13982415199279785
87,0.12836155334321878,0.13214488327503204
88,0.1263957842437617,0.1289370208978653
89,0.12781428152716806,0.13040268421173096
90,0.1271056292519255,0.14197418093681335
91,0.1292304911235575,0.12079669535160065
92,0.1269726593597122,0.12257476150989532
93,0.12708341997353623,0.1334570348262787
94,0.12651383400610022,0.1219903975725174
95,0.12501170595781919,0.14243106544017792
96,0.12805753232349434,0.13225260376930237
97,0.1276175137091645,0.1397741436958313
98,0.12556405927025868,0.12762533128261566
99,0.12379848173904685,0.12719984352588654
100,0.1267660276612387,0.12432271987199783
101,0.12623182562512048,0.11794254183769226
102,0.12410772102781546,0.12720082700252533
103,0.12485756225058639,0.12255454808473587
104,0.1234044702755529,0.11405704915523529
105,0.12188129879741284,0.1299210488796234
106,0.12397467427342362,0.12427106499671936
107,0.12356007506943509,0.12027183920145035
108,0.12176886952013372,0.12598194181919098
109,0.12245672354312767,0.1286134570837021
110,0.12334166055569082,0.12828512489795685
111,0.12118387732987113,0.11574456840753555
112,0.12308331760672987,0.12355609983205795
113,0.12215745401466019,0.12646484375
114,0.12109115701265677,0.14472678303718567
115,0.12636453973864664,0.11355627328157425
116,0.12049854048094673,0.11699524521827698
117,0.12276194825751453,0.12022367119789124
118,0.12110352740136066,0.11923480778932571
119,0.11824867090281459,0.11812649667263031
120,0.11896997562951961,0.12179374694824219
121,0.1178081613253812,0.12904149293899536
122,0.11683613555585048,0.12440209090709686
123,0.11910170133291442,0.14204418659210205
124,0.11746072544730597,0.12423068284988403
125,0.11738344087824272,0.1196402758359909
126,0.11978468633767479,0.11843240261077881
127,0.11913625171244742,0.13040056824684143
128,0.117498415664676,0.12565363943576813
129,0.11711910061463535,0.1239476427435875
130,0.11785318708982494,0.12132251262664795
131,0.11612784500435787,0.11867520958185196
132,0.11536524966009346,0.12187793850898743
133,0.11498813628828959,0.12451763451099396
134,0.11538979423037037,0.12204970419406891
135,0.11790675367479805,0.1298673003911972
136,0.11639157412560697,0.12176941335201263
137,0.11623326683427125,0.12610627710819244
138,0.11626771046469137,0.12630139291286469
139,0.11767690816662318,0.12334995716810226
140,0.11595097436315441,0.12849131226539612
141,0.11537724597689888,0.1242111474275589
142,0.11549160429089221,0.11744562536478043
143,0.1152006198151389,0.12430821359157562
144,0.11761954671998358,0.12504886090755463
145,0.11398983514438636,0.11730152368545532
146,0.11365064073865933,0.1364596039056778
147,0.11205894632891053,0.13035620748996735
148,0.11418028407733825,0.1162385642528534
149,0.11089114125597267,0.1245192140340805
150,0.11253221245436949,0.1215493232011795
151,0.11137684564831868,0.1167350709438324
152,0.11092034886915994,0.11599566787481308
153,0.11128621526764909,0.12066330760717392
154,0.11189168042911822,0.1190224289894104
155,0.11098596039966133,0.12401556968688965
156,0.11191823565499338,0.1268521547317505
157,0.10962976086939097,0.12167142331600189
158,0.10985707153661074,0.12894649803638458
159,0.1106498445514313,0.12021449208259583
160,0.11042414231055915,0.11832088232040405
161,0.1092760010016568,0.1227756142616272
162,0.1101502957111566,0.12420909851789474
163,0.1097963966364002,0.11810137331485748
164,0.11018593093719961,0.12303674221038818
165,0.10827949624416444,0.12625548243522644
166,0.10741048164324415,0.10821017622947693
167,0.11026980480031001,0.12641239166259766
168,0.11082388022686454,0.12147054076194763
169,0.10803639107969808,0.12164629995822906
170,0.10800736880596633,0.1179090142250061
171,0.10614775522055321,0.11747074872255325
172,0.10690307761925971,0.10895827412605286
173,0.10977868579139928,0.11721818894147873
174,0.10636085476983911,0.11030696332454681
175,0.10641366207721406,0.1243186742067337
176,0.10620230796989519,0.11187052726745605
177,0.10606189003024453,0.12534311413764954
178,0.1061161296604521,0.12165364623069763
179,0.10441744298096417,0.12105179578065872
180,0.10559917426914026,0.11572003364562988
181,0.10487595818915081,0.12613460421562195
182,0.10652780118380052,0.12421611696481705
183,0.10727557752084314,0.12232909351587296
184,0.10476423584443786,0.13052807748317719
185,0.10307055162477427,0.11537771672010422
186,0.10492974403447237,0.11757124215364456
187,0.104885780335592,0.11545430123806
188,0.10348855057236599,0.1214892640709877
189,0.10304604373733309,0.12026330083608627
190,0.10269369857706949,0.12239137291908264
191,0.10339822646340596,0.12076044827699661
192,0.1022260747230714,0.12485776096582413
193,0.10136535745116451,0.12372545152902603
194,0.10394556860760555,0.13179552555084229
195,0.10236392117532857,0.12010958045721054
196,0.10262913195906277,0.12046484649181366
197,0.10264776523245453,0.12126580625772476
198,0.1017373522164298,0.11748551577329636
199,0.10121745280302231,0.13193780183792114
200,0.10073286806390516,0.12016230821609497
201,0.10338239540527835,0.11775819212198257
202,0.10198761889579377,0.11825486272573471
203,0.10336157456068744,0.12871617078781128
204,0.10367495463843153,0.12385743111371994
205,0.09993030884713332,0.1138620674610138
206,0.10253071669683422,0.11958131939172745
207,0.10059383030058602,0.11156564950942993
208,0.10011801767520925,0.11877258121967316
209,0.10076226671249366,0.11514946818351746
210,0.0967493827706809,0.13197068870067596
211,0.10001935625500583,0.11962809413671494
212,0.09790731867986378,0.11791837215423584
213,0.0989064749478235,0.12243138253688812
214,0.10026651983467354,0.11526400595903397
215,0.09929836149268488,0.1197139173746109
216,0.10111647152670779,0.11929509788751602
217,0.09991592507350416,0.12054859846830368
218,0.09789609622038677,0.1197386384010315
219,0.09911432372052315,0.13013359904289246
220,0.09806151868856554,0.11867079138755798
221,0.09945843894875545,0.12869645655155182
222,0.0968298034579632,0.12517428398132324
223,0.09660251508576209,0.12752288579940796
224,0.09619543411933351,0.12804336845874786
225,0.09660594584887107,0.12385842949151993
226,0.09588397920127902,0.12014880031347275
227,0.09945405095479101,0.123593270778656
228,0.09522755590773616,0.1195797398686409
229,0.09667484440139187,0.1203492283821106
230,0.09506795252735369,0.12325072288513184
231,0.09588529808450783,0.11313270777463913
232,0.09415538644857961,0.12292470782995224
233,0.09439322447893266,0.12588368356227875
234,0.09670416707977277,0.12784016132354736
235,0.09763070045313456,0.1291584074497223
236,0.09489471700182876,0.11941085010766983
237,0.0954540825008499,0.11777535080909729
238,0.09367537645434247,0.12729384005069733
239,0.09438052663716427,0.12138205766677856
240,0.09456931948926513,0.12240991741418839
241,0.09602197984207737,0.12449705600738525
242,0.09357901592156924,0.12959721684455872
243,0.0947912493965269,0.12540455162525177
244,0.09548882535513306,0.12408171594142914
245,0.09450477079387062,0.12720179557800293
246,0.0921323013064969,0.11455612629652023
247,0.09320094569895476,0.12821617722511292
248,0.09082807684873827,0.12369202077388763
249,0.09201389677702526,0.12108014523983002
250,0.09380742289431279,0.12990623712539673
251,0.09493945428387585,0.12641902267932892
252,0.09458850001021246,0.12800978124141693
253,0.0953079770788193,0.12789484858512878
254,0.09295227142165963,0.12404731661081314
255,0.09175311526466318,0.12780365347862244
256,0.0911082716042084,0.12532423436641693
257,0.09232869612514148,0.11798935383558273
258,0.09447688180913086,0.13645750284194946
259,0.0937438940086003,0.1308550387620926
260,0.09275625756157184,0.1282617747783661
261,0.09179492460325306,0.12581853568553925
262,0.0937707563371786,0.11928094178438187
263,0.09075655681921918,0.12160968780517578
264,0.09047385291978122,0.11992949992418289
265,0.09083285224075063,0.12024109065532684
266,0.08858493530229178,0.11812019348144531
267,0.0893647902970265,0.11662568151950836
268,0.09129190228736699,0.12504269182682037
269,0.09243341450481499,0.12722352147102356
270,0.09101498201196379,0.128106951713562
271,0.08859360392377123,0.11683286726474762
272,0.09006635154954462,0.1313146948814392
273,0.09050720274285788,0.12459275126457214
274,0.0895882178527641,0.1203242614865303
275,0.08825206293163983,0.12100721895694733
276,0.08810002302975238,0.12765300273895264
277,0.09376125674387054,0.12300468236207962
278,0.08896020741970417,0.12145200371742249
279,0.08950849750020483,0.12655095756053925
280,0.08786645993475017,0.13171346485614777
281,0.08799367357419312,0.11969880014657974
282,0.08838516254062626,0.13007648289203644
283,0.09008728185697658,0.12488164752721786
284,0.08827514193745044,0.12299191206693649
285,0.08955545260294064,0.12332769483327866
286,0.08912165219250434,0.12862250208854675
287,0.08962493305847422,0.12564487755298615
288,0.08723038321725156,0.12031295150518417
289,0.08718799429184258,0.1268765926361084
290,0.08647965610617234,0.1195395290851593
291,0.08607041707212527,0.11839520186185837
292,0.08737255508370122,0.1284179836511612
293,0.08883129581742867,0.12771476805210114
294,0.09040514397418464,0.12203595042228699
295,0.08944891040839606,0.12371090054512024
296,0.08806791366689505,0.12895773351192474
297,0.08772205077929479,0.11756055802106857
298,0.08510991846444174,0.12264946848154068
299,0.09510671424050422,0.1263660043478012
300,0.08862306094469492,0.13720707595348358
301,0.08861692327532864,0.12134526669979095
302,0.08698853250801404,0.13204286992549896
303,0.08667136008285535,0.1346123069524765
304,0.08589114166315007,0.12500911951065063
305,0.0866220574866181,0.11847278475761414
306,0.08593654074554757,0.1268228441476822
307,0.08757539085175026,0.13025376200675964
308,0.08562352341493289,0.13258735835552216
309,0.0877315608304537,0.1170615553855896
310,0.08469629151395183,0.12514372169971466
311,0.08472104159205898,0.1267671287059784
312,0.08564722590132377,0.12772375345230103
313,0.08666699605345983,0.12555406987667084
314,0.08374682993222396,0.12038497626781464
315,0.0847098500107527,0.12413837760686874
316,0.08571816629533643,0.12206292152404785
317,0.08724173173060681,0.11353733390569687
318,0.08858259968188281,0.11693844944238663
319,0.08661159068320498,0.12474420666694641
320,0.0854533291363335,0.12075726687908173
321,0.08496503421133687,0.12012185156345367
322,0.08401302494559626,0.13082978129386902
323,0.08368626196074949,0.12864382565021515
324,0.08505193937828419,0.1291959434747696
325,0.08507469525711289,0.11878713220357895
326,0.08466413950004216,0.12503275275230408
327,0.0838684162869246,0.12077231705188751
328,0.09068221678890458,0.13685153424739838
329,0.08448596799937833,0.1217317134141922
330,0.08511672057036503,0.12570498883724213
331,0.08224780688906302,0.12871579825878143
332,0.08224273142045017,0.13023065030574799
333,0.08361170116928746,0.12250279635190964
334,0.08343786367022239,0.1304784119129181
335,0.08386678796589125,0.12225053459405899
336,0.08546301475308327,0.12468071281909943
337,0.08314527120630748,0.13075515627861023
338,0.08346402867749293,0.12661944329738617
339,0.08271996653854446,0.1330765336751938
340,0.08285949301873197,0.12422819435596466
341,0.08363067719396669,0.12643946707248688
342,0.08308649913200705,0.12722641229629517
343,0.08132997207280238,0.1326187252998352
344,0.082585361825302,0.13119012117385864
345,0.08345071871016567,0.12217658758163452
346,0.08208616063482808,0.12613160908222198
347,0.08181853275029978,0.12082479149103165
348,0.08330352378442132,0.12091390043497086
349,0.08150326572628043,0.13094566762447357
350,0.08233129944807835,0.13539078831672668
351,0.0808746920629831,0.13282036781311035
352,0.08236214390541904,0.13071513175964355
353,0.08219131373994969,0.1316559761762619
354,0.08066080454838577,0.12499700486660004
355,0.08129974157223165,0.12210912257432938
356,0.08114017710673932,0.13445565104484558
357,0.08572279090975735,0.13416191935539246
358,0.0826469003301468,0.13060320913791656
359,0.08133994876608572,0.12737053632736206
360,0.08110864969274596,0.1267407387495041
361,0.08243844469342948,0.13137736916542053
362,0.08362487638802898,0.1265745311975479
363,0.08330437673550997,0.13060088455677032
364,0.08204843345242487,0.12605351209640503
365,0.08125967272604469,0.13168098032474518
366,0.08002770878256403,0.1283387988805771
367,0.0805122278457728,0.13127706944942474
368,0.07897980917420519,0.13186033070087433
369,0.07942297194111,0.13551650941371918
370,0.08058094555178114,0.1386072188615799
371,0.07926762589017021,0.14352072775363922
372,0.07848961638373449,0.1310810148715973
373,0.07760916162098351,0.1310398280620575
374,0.07970456802732312,0.12318643927574158
375,0.07918041982508268,0.12673509120941162
376,0.07830534831054349,0.1383911520242691
377,0.07843649679861793,0.13205082714557648
378,0.08105465659914003,0.13160856068134308
379,0.07752424177236628,0.12375839054584503
380,0.07878080146029627,0.13370586931705475
381,0.0790209789185971,0.13203740119934082
382,0.07879299310833318,0.1260785162448883
383,0.07955516907358712,0.1282166987657547
384,0.07731869474030693,0.135067418217659
385,0.07761000968821233,0.13112632930278778
386,0.07884924520360623,0.12874861061573029
387,0.07882770576984988,0.13078652322292328
388,0.07848023920362635,0.13169656693935394
389,0.076325785442421,0.12295283377170563
390,0.0789296563557336,0.1397448480129242
391,0.07853008529424002,0.12875382602214813
392,0.07902801967850041,0.12952151894569397
393,0.07850486814149472,0.12950919568538666
394,0.07767542093082773,0.13268603384494781
395,0.07785560865351776,0.13667716085910797
396,0.07731768808565971,0.12403745949268341
397,0.07567996079547198,0.13133372366428375
398,0.07712756200174649,0.12877051532268524
399,0.0773720586692042,0.13548783957958221
400,0.077157788407854,0.1442062258720398
401,0.07904448107645046,0.13740263879299164
402,0.07947152191904229,0.13955816626548767
403,0.07954450446274237,0.132719025015831
404,0.0808832588759326,0.12756261229515076
405,0.07962088316939928,0.13135278224945068
406,0.07747305922097715,0.13690513372421265
407,0.07639335322963936,0.13025245070457458
408,0.07710453275250323,0.14283914864063263
409,0.0788933101220416,0.13767005503177643
410,0.07668352847836855,0.13359121978282928
411,0.07572787845630874,0.12145407497882843
412,0.07852815945860003,0.13400955498218536
413,0.0756411217621038,0.13996084034442902
414,0.07513760661597846,0.14062801003456116
415,0.07546138188633546,0.13166466355323792
416,0.07556654305464724,0.1314539909362793
417,0.07582260051508449,0.1389295756816864
418,0.07441688406408446,0.13802263140678406
419,0.07640305972049388,0.13999956846237183
420,0.07647171472193943,0.13614876568317413
421,0.0744324684664919,0.13832347095012665
422,0.07456835811465408,0.13297449052333832
423,0.07351416250003759,0.1330871731042862
424,0.0756114196434547,0.13275867700576782
425,0.07525540726081383,0.13107222318649292
426,0.07494065712708656,0.12499620765447617
427,0.07511345688487624,0.12483379244804382
428,0.07655431389196045,0.12848591804504395
429,0.07567661448362106,0.13128922879695892
430,0.07574887277057156,0.13524042069911957
431,0.07858940293000156,0.1303073763847351
432,0.0742259529270227,0.12455306202173233
433,0.07562348413623964,0.12867900729179382
434,0.07579448153609296,0.12468376755714417
435,0.07545747255979493,0.13624802231788635
436,0.0726813494827319,0.1264992356300354
437,0.07363183864875314,0.1359095275402069
438,0.0757072756255759,0.13669297099113464
439,0.07319606488454525,0.13762913644313812
440,0.07475291612282606,0.14173462986946106
441,0.07534414622117278,0.13359934091567993
442,0.07677131228157445,0.1298915296792984
443,0.0724520657281028,0.1391935795545578
444,0.07250058079957811,0.1287774294614792
445,0.07272319113860509,0.1318555623292923
446,0.07285729287313471,0.1305527538061142
447,0.07285229109209695,0.13538728654384613
448,0.07448374951047244,0.1319633573293686
449,0.07671783743110681,0.13299959897994995
450,0.0739127251660753,0.13916870951652527
451,0.07278182379577142,0.13684023916721344
452,0.07484178633715444,0.14871980249881744
453,0.07509772094951458,0.13952603936195374
454,0.07417748414018768,0.13633151352405548
455,0.07319359949867581,0.13626375794410706
456,0.07554381229753891,0.13066966831684113
457,0.07509929132269068,0.13325291872024536
458,0.07323056764691754,0.13619567453861237
459,0.07441752136288719,0.13652141392230988
460,0.07404926812727429,0.13696517050266266
461,0.07303326122974203,0.13541863858699799
462,0.07207066293008406,0.13358445465564728
463,0.07284261193114623,0.13691101968288422
464,0.07079134556000312,0.13977760076522827
465,0.07289379067405115,0.1402183473110199
466,0.07294866489098771,0.13371509313583374
467,0.07228730736086929,0.137139230966568
468,0.07171134574745545,0.14090003073215485
469,0.07287757831159211,0.1379329413175583
470,0.07347972340179404,0.149819478392601
471,0.07332598110179946,0.13648749887943268
472,0.07185657048150529,0.14139746129512787
473,0.07092597265949392,0.1449192464351654
474,0.07041896605605841,0.14094561338424683
475,0.07269062060858525,0.12991786003112793
476,0.07158134201353175,0.13486316800117493
477,0.07288721989797255,0.13777029514312744
478,0.07677027602880804,0.1401936411857605
479,0.07141397864500015,0.1454257369041443
480,0.0728096726385111,0.13752946257591248
481,0.07238909053936357,0.1407727748155594
482,0.07120349706864239,0.1374194175004959
483,0.07503278903751079,0.150210902094841
484,0.07233580662266825,0.141999289393425
485,0.07297468075618316,0.12996359169483185
486,0.07040405923578888,0.1444109082221985
487,0.07108105296880488,0.13062430918216705
488,0.07167200320052278,0.13787761330604553
489,0.07037787102073026,0.13546507060527802
490,0.070719868697244,0.1299208104610443
491,0.06968212353963489,0.1361808329820633
492,0.07168680239341658,0.14343084394931793
493,0.07103841303606775,0.1406540870666504
494,0.07085643720097794,0.13818901777267456
495,0.07059199352499465,0.13612100481987
496,0.071584855147106,0.1395748406648636
497,0.07091768162816389,0.13536378741264343
498,0.0706122513530052,0.13298270106315613
499,0.06977950828002198,0.1417594850063324
500,0.06988112243310009,0.14621031284332275
501,0.07572009999486051,0.1341020166873932
502,0.07123209262292045,0.13134072721004486
503,0.06858113383792284,0.13979540765285492
504,0.06807690563124458,0.14009645581245422
505,0.07071963415379875,0.13772611320018768
506,0.07043773800374786,0.1302984058856964
507,0.0687258155086919,0.13585440814495087
508,0.07130091228777496,0.1329740434885025
509,0.07069523284199228,0.14182990789413452
510,0.06956115495207921,0.13854478299617767
511,0.07574889095221932,0.13253112137317657
512,0.07069622115474897,0.13809433579444885
513,0.07031066524182278,0.13556405901908875
514,0.07074205044459879,0.1428454965353012
515,0.06912997804791049,0.12920896708965302
516,0.06934369922813055,0.14604038000106812
517,0.06788626213565936,0.14374412596225739
518,0.06835579551267618,0.13324446976184845
519,0.06884205397778606,0.12446126341819763
520,0.07200816714096955,0.13237358629703522
521,0.07119180204042126,0.13859781622886658
522,0.06905110380326926,0.13535571098327637
523,0.06889717963338277,0.12953636050224304
524,0.06985012431474313,0.14165808260440826
525,0.06747178077015185,0.13542844355106354
526,0.06904540950608025,0.1323835402727127
527,0.0681809104890172,0.13855044543743134
528,0.0675034899982594,0.1365751028060913
529,0.06870905998534108,0.13331082463264465
530,0.06897380281664699,0.14309470355510712
531,0.06974657283959512,0.1334729641675949
532,0.06743150373644037,0.13526567816734314
533,0.06944289503770573,0.13327652215957642
534,0.06829057015689433,0.13526995480060577
535,0.07136542351873654,0.1380210965871811
536,0.06764491508132144,0.13880521059036255
537,0.06796153822161949,0.1342190057039261
538,0.06769545744150185,0.13601088523864746
539,0.06915257768293064,0.13263075053691864
540,0.06779791581645454,0.1367713361978531
541,0.06560566593819486,0.13569138944149017
542,0.06773927292147576,0.1335882544517517
543,0.06854616119737265,0.14083239436149597
544,0.06844711539773617,0.13076157867908478
545,0.06663924668921596,0.13061881065368652
546,0.07112323585696789,0.14718766510486603
547,0.0701543252204687,0.13552212715148926
548,0.06939226066271313,0.1402818262577057
549,0.06723246535329086,0.1384352445602417
550,0.06725745575823709,0.14109988510608673
551,0.06654431507447062,0.13781628012657166
552,0.0679158683345828,0.1282695233821869
553,0.06833758679853298,0.14145641028881073
554,0.06786945914499137,0.14394429326057434
555,0.06699834252644911,0.13592959940433502
556,0.07022517448360432,0.14448823034763336
557,0.06663527837111297,0.13683663308620453
558,0.06851785459865653,0.1366269886493683
559,0.06715680089411798,0.14541518688201904
560,0.06679499023208127,0.13413937389850616
561,0.06769449493681517,0.13990315794944763
562,0.06971551256121725,0.14202426373958588
563,0.0658624961664041,0.14721344411373138
564,0.06784580140131755,0.14114715158939362
565,0.06778207336265399,0.14030049741268158
566,0.06778162325295288,0.14242851734161377
567,0.0657572661343451,0.14952769875526428
568,0.06623442303126967,0.13925226032733917
569,0.06435050192854985,0.14457589387893677
570,0.06568275059469006,0.13416992127895355
571,0.0673863994256144,0.14094096422195435
572,0.06740489161586705,0.13647395372390747
573,0.06683001015701658,0.14510995149612427
574,0.0649152734978537,0.14904870092868805
575,0.06527687389204578,0.14392587542533875
576,0.0661976685098261,0.13806308805942535
577,0.0665092877764763,0.1468418538570404
578,0.06511835079007215,0.14561404287815094
579,0.06739420470102248,0.14852946996688843
580,0.06803060133733842,0.14419783651828766
581,0.06644305152032237,0.1472683846950531
582,0.06597555703614104,0.14728067815303802
583,0.06822168169257876,0.14609956741333008
584,0.06641637572711183,0.14575116336345673
585,0.07019811453501701,0.13884812593460083
586,0.06685819913327218,0.14428962767124176
587,0.0648503681984427,0.1423974633216858
588,0.06450166794379386,0.13794125616550446
589,0.06635385634874635,0.1347506195306778
590,0.06456805782173056,0.14237987995147705
591,0.06442590194930735,0.14296989142894745
592,0.06546809639067475,0.13307107985019684
593,0.06611932225382626,0.13227692246437073
594,0.06569895542124748,0.13948684930801392
595,0.06644261155034999,0.134824737906456
596,0.0654883033796519,0.13360950350761414
597,0.06753359815558872,0.13898424804210663
598,0.0656356794780666,0.1378048062324524
599,0.06598332858729629,0.12996898591518402
600,0.06239619263933631,0.1383884996175766
601,0.06339415753856556,0.15698783099651337
602,0.06837530925424665,0.1468847244977951
603,0.06597185429091564,0.14294679462909698
604,0.06713889161418604,0.13606491684913635
605,0.06560854028020319,0.13644252717494965
606,0.06371751772432427,0.1378951519727707
607,0.06417947925146031,0.13974492251873016
608,0.06357617334548614,0.13362349569797516
609,0.06610947212918339,0.14083147048950195
610,0.06427470003282482,0.1402435302734375
611,0.06526263588215778,0.12889321148395538
612,0.06670488056956837,0.14313380420207977
613,0.0652122421951414,0.13932062685489655
614,0.06435034914437836,0.14268484711647034
615,0.06268640850866684,0.14090615510940552
616,0.06314420702342166,0.13823501765727997
617,0.06507626290319309,0.1360759735107422
618,0.06513190193555785,0.14396549761295319
619,0.06513068111287944,0.14134591817855835
620,0.06431202545110691,0.1424439400434494
621,0.06458637066910584,0.1391979604959488
622,0.06425384362213443,0.14973285794258118
623,0.06591838690426398,0.13817660510540009
624,0.06651109147402345,0.1408092975616455
625,0.06413591557341078,0.13528010249137878
626,0.06388812996291098,0.1368759423494339
627,0.06366900275731402,0.14296823740005493
628,0.06500298859991863,0.1433577537536621
629,0.06643249286683044,0.14834602177143097
630,0.06514363975191219,0.13894633948802948
631,0.06560750838282628,0.1371132880449295
632,0.06429523824246276,0.1477271169424057
633,0.06552038436204614,0.1453808695077896
634,0.06323450267061548,0.14063714444637299
635,0.06371885457790726,0.15799982845783234
636,0.06277210354595117,0.14275287091732025
637,0.06421905708821983,0.13471975922584534
638,0.06770633456311755,0.13539168238639832
639,0.06343623486312872,0.13983958959579468
640,0.0647057736515356,0.14498916268348694
641,0.06301680094940743,0.1358136385679245
642,0.06580036925902344,0.1413814127445221
643,0.06408447423039196,0.13026435673236847
644,0.06467589681766962,0.13466612994670868
645,0.06618082450598557,0.13654686510562897
646,0.06772029510954584,0.141838937997818
647,0.06655285525308346,0.13500761985778809
648,0.06303884648282944,0.1404784470796585
649,0.06281345912801661,0.131139874458313
650,0.06294033852605677,0.13541381061077118
651,0.06515559892075239,0.13689546287059784
652,0.06483415017525355,0.13974744081497192
653,0.06343531561406822,0.14938350021839142
654,0.06478342678421056,0.1386646181344986
655,0.06257909288670778,0.14098557829856873
656,0.0657068486619103,0.1414281278848648
657,0.06170348248796299,0.13605816662311554
658,0.06220078179862101,0.13614095747470856
659,0.06142790243714999,0.1477133333683014
660,0.06184945556339524,0.13738557696342468
661,0.062405755004329495,0.14139290153980255
662,0.06434732750379606,0.14666588604450226
663,0.06292522126399175,0.1583799123764038
664,0.06177096612644655,0.14081095159053802
665,0.06362254257648219,0.1366855651140213
666,0.06093558772799025,0.1439625471830368
667,0.0638299988800878,0.15370121598243713
668,0.06251219645484785,0.14422371983528137
669,0.06275503420742608,0.15133365988731384
670,0.06365543439541882,0.14068450033664703
671,0.061675462722419076,0.1490078717470169
672,0.06895629137323345,0.14711451530456543
673,0.0642989616145747,0.1403917819261551
674,0.06394253099022171,0.15158390998840332
675,0.062181944370481544,0.13833825290203094
676,0.06194089568821462,0.13910900056362152
677,0.0618498387185545,0.14603912830352783
678,0.06170099333511015,0.14434340596199036
679,0.06392219441446188,0.1392332762479782
680,0.06329851425062005,0.13798817992210388
681,0.06291009107851132,0.1502692997455597
682,0.06403730013863325,0.1377762258052826
683,0.06325686255689957,0.1415170282125473
684,0.06321203199795108,0.1481490135192871
685,0.06245303483174819,0.1358400136232376
686,0.06192356983478368,0.13048917055130005
687,0.062096057624445394,0.14528322219848633
688,0.0616726146777176,0.13592658936977386
689,0.062361293490666485,0.1486390084028244
690,0.06284779962211329,0.14010114967823029
691,0.06329411995235455,0.14297617971897125
692,0.062413514877614325,0.14274081587791443
693,0.06291375552003811,0.13248109817504883
694,0.06189795004934462,0.14490088820457458
695,0.06408552382301594,0.13477589190006256
696,0.06274354616396319,0.12893980741500854
697,0.06216555662276388,0.13700135052204132
698,0.061578265446240704,0.13921256363391876
699,0.06188901271654512,0.13938651978969574
700,0.06199227993894978,0.14271628856658936
701,0.06449662249068774,0.1400749534368515
702,0.061296923407241785,0.14466725289821625
703,0.06107848662234982,0.1442805379629135
704,0.06185319771747452,0.1498798131942749
705,0.06606060246688931,0.1376739740371704
706,0.06130964235260718,0.13504457473754883
707,0.059907305343536284,0.14064867794513702
708,0.06241108314462111,0.13438591361045837
709,0.06176701977200472,0.1383582055568695
710,0.06352732557169512,0.13947226107120514
711,0.05974690097965212,0.15128180384635925
712,0.06149165626332143,0.13525646924972534
713,0.061999798717033726,0.13626264035701752
714,0.06038877801692413,0.13433974981307983
715,0.06105938674157653,0.14508967101573944
716,0.06003892588393819,0.14573772251605988
717,0.062072925280002966,0.14743949472904205
718,0.0619113830266462,0.14034168422222137
719,0.06039959554405794,0.14187946915626526
720,0.06031557179249085,0.14739033579826355
721,0.05966737863612786,0.14736407995224
722,0.06043701268266473,0.14935165643692017
723,0.06060918749216365,0.1384793221950531
724,0.06055351049880239,0.14577561616897583
725,0.05938785110421024,0.15073807537555695
726,0.06201312087392114,0.1371363401412964
727,0.061506525817452584,0.1400022655725479
728,0.060502612283350535,0.14134259521961212
729,0.060878674881271626,0.14447654783725739
730,0.06059453943752574,0.15325212478637695
731,0.06172272354475951,0.14993147552013397
732,0.06001258256378747,0.14148737490177155
733,0.06067754502012681,0.13821549713611603
734,0.06080798477136745,0.14706555008888245
735,0.05912252857027555,0.1427968144416809
736,0.06079030466509295,0.139713317155838
737,0.06036972056834653,0.15029369294643402
738,0.058656478488585954,0.1385599821805954
739,0.06079669133946158,0.14206638932228088
740,0.05984759981174515,0.13531138002872467
741,0.05997159630495073,0.14063760638237
742,0.06188938905973148,0.1421409547328949
743,0.059976275794727064,0.1430593729019165
744,0.060079979181456064,0.1428762674331665
745,0.06306238849859463,0.14182913303375244
746,0.06070105087443621,0.1414375901222229
747,0.06016727495461593,0.1348067969083786
748,0.06412558171171598,0.1436459869146347
749,0.06065067464064832,0.14314986765384674
750,0.06110550966522685,0.13162361085414886
751,0.06305720375007277,0.13040490448474884
752,0.06194977288199037,0.13935387134552002
753,0.0590059065333615,0.135684072971344
754,0.06084082440173334,0.14898838102817535
755,0.06250584360966978,0.14175039529800415
756,0.06015892271054092,0.14240968227386475
757,0.059718182571388306,0.14034409821033478
758,0.059900208967331926,0.1442750245332718
759,0.060175111589395765,0.14210548996925354
760,0.05972319661856242,0.14192961156368256
761,0.05984053112043673,0.13585571944713593
762,0.05955208129325262,0.13375972211360931
763,0.06023831176302704,0.13901248574256897
764,0.06205243705737002,0.14503683149814606
765,0.05927716372890334,0.14255546033382416
766,0.058361468279124244,0.14301364123821259
767,0.05853555164498554,0.133925199508667
768,0.05760011292049583,0.14479713141918182
769,0.05874216020799291,0.14273014664649963
770,0.06258802854452107,0.15616841614246368
771,0.062227975813698655,0.14192385971546173
772,0.06015172564443364,0.14432355761528015
773,0.061296106247017944,0.1401352882385254
774,0.05858555544664557,0.14747153222560883
775,0.06084770025195484,0.14179790019989014
776,0.06058785113848839,0.14598779380321503
777,0.062035084107309076,0.15549451112747192
778,0.05970153069226909,0.14170627295970917
779,0.059415013457629194,0.13896667957305908
780,0.05930173006951015,0.14498353004455566
781,0.05896647648866702,0.15803799033164978
782,0.06020691785892849,0.1455937922000885
783,0.05899928948776876,0.15030249953269958
784,0.05883422876862898,0.13890451192855835
785,0.05958257119806266,0.15033970773220062
786,0.05961299672592353,0.13455389440059662
787,0.05873969077114798,0.13598811626434326
788,0.05852269007668491,0.15040849149227142
789,0.06139812396659401,0.139870285987854
790,0.05910830839271549,0.14302510023117065
791,0.05837045936888849,0.1466740071773529
792,0.058707940141314585,0.14318448305130005
793,0.05893093161733982,0.14704614877700806
794,0.05793002039352932,0.14288218319416046
795,0.06005654316038638,0.13989950716495514
796,0.05873442605178476,0.1495075523853302
797,0.059024113846443856,0.14924433827400208
798,0.060085355825206986,0.14874930679798126
799,0.06046225661013638,0.1381237506866455
800,0.060746625979518305,0.14663942158222198
801,0.05816907024413041,0.14517346024513245
802,0.059833349324663554,0.15454816818237305
803,0.05894088185071007,0.14844626188278198
804,0.058910891089421547,0.1470828652381897
805,0.056490443591130084,0.1430594027042389
806,0.05763148591527402,0.14082899689674377
807,0.056443510110771394,0.15371941030025482
808,0.06156519371125166,0.14815010130405426
809,0.06307059848347135,0.13812725245952606
810,0.058557450344017686,0.14996372163295746
811,0.05834616814269555,0.15323305130004883
812,0.05813998522069374,0.15318961441516876
813,0.0574168841108867,0.14934653043746948
814,0.058724875756760504,0.14252285659313202
815,0.057589438396814796,0.1512942761182785
816,0.05785080683407574,0.15400630235671997
817,0.06099233408245228,0.14888659119606018
818,0.059949906051060584,0.1395058035850525
819,0.05877106247074848,0.1377820372581482
820,0.060139964564986194,0.14676165580749512
821,0.057747644872747694,0.14009897410869598
822,0.05806121130103675,0.15045468509197235
823,0.05873007327129114,0.13731569051742554
824,0.05695010360026402,0.1478005349636078
825,0.05796405408602804,0.13994091749191284
826,0.058660496570346714,0.13416162133216858
827,0.059818978866311955,0.13634249567985535
828,0.05904389186618693,0.13875016570091248
829,0.058299730897380865,0.13765183091163635
830,0.05568708050837713,0.14836101233959198
831,0.05855700683215974,0.1348695307970047
832,0.05573851575011636,0.1400194764137268
833,0.061474408412676235,0.13950639963150024
834,0.05701552244188549,0.1434827297925949
835,0.05844344301183519,0.14809024333953857
836,0.05884854842387182,0.14627605676651
837,0.05805633912521666,0.14408421516418457
838,0.05763670811806592,0.14050300419330597
839,0.059386726954256785,0.14021170139312744
840,0.05711067638948111,0.13943631947040558
841,0.05889122873755514,0.14187198877334595
842,0.057652511769004496,0.14251363277435303
843,0.06013039542299935,0.14049413800239563
844,0.05765492840608717,0.1432214081287384
845,0.05810289541296042,0.1434270143508911
846,0.05953388529737624,0.13394886255264282
847,0.057980652497234025,0.12846574187278748
848,0.05736015332715491,0.13468344509601593
849,0.060204781587165315,0.13522528111934662
850,0.0606360155127138,0.14677825570106506
851,0.057944074708932,0.14052674174308777
852,0.05844870283670299,0.14819291234016418
853,0.05832108659221881,0.14263789355754852
854,0.05649776014872439,0.1436547040939331
855,0.057683250072824974,0.1431598663330078
856,0.057624462961227876,0.14400963485240936
857,0.057679045045871964,0.13783617317676544
858,0.05664156079660997,0.14121277630329132
859,0.057499573491215934,0.13750183582305908
860,0.06050839270205686,0.1443365216255188
861,0.05788261620967147,0.13567300140857697
862,0.0601473274388912,0.14175789058208466
863,0.05713283692002902,0.1371621936559677
864,0.05618082592234275,0.14288268983364105
865,0.056106528176743733,0.15036295354366302
866,0.054995504711681235,0.14684902131557465
867,0.057952570482330296,0.14534418284893036
868,0.054978524613499176,0.14969587326049805
869,0.05692868220210151,0.13676628470420837
870,0.055911036286502604,0.139164999127388
871,0.055076961476833684,0.1485835462808609
872,0.0555297647547433,0.1362113356590271
873,0.06302062841268183,0.15325824916362762
874,0.06295473430702309,0.1554572582244873
875,0.05813112247973026,0.1452869474887848
876,0.05800283865339259,0.1358398050069809
877,0.05849226690945083,0.13581345975399017
878,0.05830114957972342,0.14280834794044495
879,0.05804707463076765,0.14048267900943756
880,0.05648560124693932,0.14472490549087524
881,0.058954752277350794,0.143898606300354
882,0.0573932317329828,0.14985187351703644
883,0.05756223845984439,0.13611577451229095
884,0.05631294489793632,0.14543692767620087
885,0.05650718993100928,0.1514282524585724
886,0.05647442358123017,0.14826488494873047
887,0.0559507598732952,0.1365601122379303
888,0.05660304341495014,0.141300231218338
889,0.05563159289244785,0.14302828907966614
890,0.05621318537361382,0.13974261283874512
891,0.05864490990397811,0.14706438779830933
892,0.06123602579035458,0.14110064506530762
893,0.05917982564800177,0.14112588763237
894,0.05857082766956627,0.14404632151126862
895,0.05823594684275466,0.14569908380508423
896,0.05726237135198709,0.14882339537143707
897,0.056554182928091924,0.14142820239067078
898,0.05621666734871064,0.14031819999217987
899,0.0568086836964947,0.14178073406219482
900,0.05622279611680278,0.15212474763393402
901,0.058128009336261846,0.14620380103588104
902,0.05966566725071652,0.14256227016448975
903,0.0557958544862405,0.14085769653320312
904,0.055428816238388676,0.14807768166065216
905,0.05818510502000143,0.1472618281841278
906,0.05718468071730015,0.14482423663139343
907,0.05588357745107396,0.14031027257442474
908,0.05742327015066552,0.14055822789669037
909,0.0578061403344351,0.14709265530109406
910,0.056883070572063016,0.14161522686481476
911,0.0590096179983471,0.14035163819789886
912,0.058787768392575115,0.14653046429157257
913,0.05484396803997908,0.1321462094783783
914,0.05571332060404726,0.14151088893413544
915,0.05456403769479913,0.13943926990032196
916,0.05616658390591236,0.14047680795192719
917,0.054462825354529495,0.13855235278606415
918,0.056358610883368375,0.13468028604984283
919,0.056023347048404906,0.14215217530727386
920,0.055256935803399534,0.14202405512332916
921,0.055814368985692586,0.14553377032279968
922,0.05598014559232331,0.13821981847286224
923,0.05378138893465299,0.13803145289421082
924,0.05671118621112557,0.14704908430576324
925,0.05470977340528406,0.14362581074237823
926,0.058305317701202494,0.1413874626159668
927,0.05580259596839379,0.13758748769760132
928,0.056637831086044935,0.14017628133296967
929,0.05555207557411851,0.15010671317577362
930,0.057447237968388104,0.13998651504516602
931,0.05762567532838125,0.14578169584274292
932,0.05529623106263825,0.15043194591999054
933,0.05679460517923143,0.14328795671463013
934,0.05556267101065699,0.14703376591205597
935,0.05548657316233797,0.1494293063879013
936,0.0546055324786872,0.15252608060836792
937,0.055405236334185315,0.14569762349128723
938,0.05405235785247408,0.14339473843574524
939,0.054402326678606915,0.14424674212932587
940,0.05496006494827825,0.1451735496520996
941,0.056690562365189254,0.136754110455513
942,0.05536796370833874,0.14554233849048615
943,0.05318536582656839,0.13464246690273285
944,0.054942676167173625,0.1388927698135376
945,0.054068404305742834,0.14808359742164612
946,0.054500002505690474,0.1428612321615219
947,0.055789124622398364,0.1460862010717392
948,0.057535594178212655,0.14674034714698792
949,0.05697815435742488,0.14490997791290283
950,0.05358091251901708,0.14739784598350525
951,0.05398064209324366,0.14308004081249237
952,0.054525564278749744,0.14132162928581238
953,0.05512042275359676,0.15913110971450806
954,0.053859621360132254,0.14759784936904907
955,0.05640674890025499,0.1459532380104065
956,0.05442184903547253,0.15060104429721832
957,0.05582940971646389,0.13802510499954224
958,0.05420006151409065,0.14438484609127045
959,0.05467166663891409,0.1408618986606598
960,0.054592619259739995,0.14725512266159058
961,0.05506277394342386,0.14522616565227509
962,0.056351840466756294,0.1512710452079773
963,0.05642751748584397,0.1419222354888916
964,0.05430241441052814,0.1415024697780609
965,0.05455712979649275,0.1349051296710968
966,0.056214886007632206,0.13409090042114258
967,0.05454468111476988,0.14614728093147278
968,0.05612680532228234,0.13480162620544434
969,0.05545348180662389,0.15299184620380402
970,0.055981229106076565,0.13544797897338867
971,0.05404798390835149,0.14929218590259552
972,0.05450776033410716,0.14881254732608795
973,0.05505492237628512,0.14850206673145294
974,0.05394004253665137,0.1486961543560028
975,0.05449195269222505,0.13662351667881012
976,0.05565555059147651,0.14257647097110748
977,0.054432822944677474,0.14267443120479584
978,0.0568104601924741,0.1422051042318344
979,0.05683103840017724,0.13791075348854065
980,0.054645478367132364,0.14026136696338654
981,0.05568976200008102,0.14282265305519104
982,0.05446495471080008,0.15260125696659088
983,0.05480572107180531,0.1437850296497345
984,0.05381383616541065,0.14565153419971466
985,0.05551734093665063,0.14576272666454315
986,0.054133772994444204,0.14397867023944855
987,0.05347071091735814,0.14101749658584595
988,0.05473744374630286,0.1389288306236267
989,0.053519264107472916,0.14028817415237427
990,0.061650669556964306,0.1475275754928589
991,0.055041504249330284,0.15485304594039917
992,0.05377676522071146,0.15095797181129456
993,0.05434956992948597,0.14137953519821167
994,0.05282588127720191,0.1451461911201477
995,0.05277966381692445,0.1401832401752472
996,0.05508543919999275,0.1384660303592682
997,0.05292075916287137,0.1415002942085266
998,0.053466922867900904,0.14545755088329315
999,0.05463187704201943,0.13752777874469757
1000,0.05638865950435699,0.14432492852210999
1001,0.056473110152401154,0.13815224170684814
1002,0.05411594078680265,0.1443995237350464
1003,0.054268508207947756,0.14531256258487701
1004,0.05346920101692676,0.14275141060352325
1005,0.054812925584002616,0.13621854782104492
1006,0.05492817430548174,0.14369361102581024
1007,0.05323474234507261,0.14351655542850494
1008,0.0540082022616735,0.14951898157596588
1009,0.05371030294234159,0.14573347568511963
1010,0.054346010374663266,0.14195676147937775
1011,0.05199617735569799,0.14417271316051483
1012,0.053019678038875244,0.13982896506786346
1013,0.0536820028223501,0.1444719135761261
1014,0.053318986572517144,0.13865867257118225
1015,0.05384275783479683,0.14838983118534088
1016,0.05228472987109295,0.15105438232421875
1017,0.05118802444561002,0.13850323855876923
1018,0.05410981294660607,0.145345538854599
1019,0.05255474855509064,0.1344921588897705
1020,0.05548880445051127,0.15005676448345184
1021,0.05434251876963666,0.13711954653263092
1022,0.054129488531737865,0.1426800638437271
1023,0.054662714401408206,0.1347143054008484
1024,0.05375115800984067,0.14540119469165802
1025,0.05566366433874179,0.13922113180160522
1026,0.05292830082187645,0.1350596398115158
1027,0.05309354202284636,0.13540947437286377
1028,0.05369122204655712,0.13821899890899658
1029,0.05183131186497906,0.14610444009304047
1030,0.05139972780893908,0.14740712940692902
1031,0.05507490760815157,0.14469295740127563
1032,0.05359158151124943,0.1438237428665161
1033,0.05264813864154344,0.14266549050807953
1034,0.054502490828967826,0.13887642323970795
1035,0.05349437428961897,0.14366920292377472
1036,0.052489332302170136,0.14896012842655182
1037,0.054243457267625035,0.14901569485664368
1038,0.05097257730308455,0.14256800711154938
1039,0.054302917479761605,0.14592158794403076
1040,0.05410951742628946,0.13707934319972992
1041,0.05119116115564018,0.15209683775901794
1042,0.05185240477535298,0.14906588196754456
1043,0.05279287826158782,0.14059847593307495
1044,0.0545561616903989,0.1415422558784485
1045,0.05466785655701891,0.14896835386753082
1046,0.05245499528921803,0.14366643130779266
1047,0.05353076184042485,0.14726462960243225
1048,0.051821708152146984,0.14304666221141815
1049,0.05200835681771993,0.1414518803358078
1050,0.055240888286572455,0.1316315084695816
1051,0.05401134148713727,0.1399434506893158
1052,0.05445558916602004,0.14399996399879456
1053,0.05407557107698205,0.1350814700126648
1054,0.05546373915026037,0.149945929646492
1055,0.05321960938512303,0.15457189083099365
1056,0.05525735105438563,0.13976597785949707
1057,0.053130020296595575,0.1450733244419098
1058,0.0547693887570193,0.1462070792913437
1059,0.05374096335682254,0.14446794986724854
1060,0.053992785130520034,0.14595425128936768
1061,0.05381408001144606,0.13713349401950836
1062,0.05190940282869242,0.13864532113075256
1063,0.05475651136533422,0.1375865787267685
1064,0.05032833818761759,0.14498649537563324
1065,0.05316712035254058,0.14421220123767853
1066,0.05164283471953187,0.13374049961566925
1067,0.05208723079339908,0.14360180497169495
1068,0.05182458023444837,0.15366673469543457
1069,0.05397882251984319,0.14421036839485168
1070,0.052230393163535574,0.15094903111457825
1071,0.05273311030152273,0.15610577166080475
1072,0.05218561133966578,0.15255601704120636
1073,0.05173674315382436,0.15244831144809723
1074,0.05321884594830276,0.14935676753520966
1075,0.05272535205619118,0.1376626342535019
1076,0.053740161634738666,0.14484629034996033
1077,0.05099665242816996,0.1384911984205246
1078,0.052802913405673335,0.13898175954818726
1079,0.051550301423613276,0.14370213449001312
1080,0.05636463203684749,0.13699516654014587
1081,0.05444554777293849,0.1444665789604187
1082,0.05392806551988438,0.1481361836194992
1083,0.05358144181370811,0.14435742795467377
1084,0.05278273962665944,0.14107196033000946
1085,0.05076723099520645,0.1414642333984375
1086,0.0515524854914513,0.13860464096069336
1087,0.05279162993812724,0.13916721940040588
1088,0.05354789486694965,0.14609603583812714
1089,0.051831270227852305,0.13678984344005585
1090,0.053103098705601925,0.14385037124156952
1091,0.05315860311488083,0.138276144862175
1092,0.05247570015088266,0.142301544547081
1093,0.05284538055461549,0.13767069578170776
1094,0.05462749739651517,0.1448490470647812
1095,0.051646206237242434,0.1415061503648758
1096,0.0503844903500049,0.1397024542093277
1097,0.05186791817507924,0.14445777237415314
1098,0.05006011444760933,0.13044039905071259
1099,0.05129557787897456,0.14528240263462067
1100,0.052354997588571386,0.14941821992397308
1101,0.0509709753746056,0.14958347380161285
1102,0.050373692787278955,0.14858059585094452
1103,0.05103344578816381,0.14407603442668915
1104,0.05304584493077114,0.13964620232582092
1105,0.05177268346275507,0.1392112523317337
1106,0.05128159966802419,0.14515076577663422
1107,0.05011322715173985,0.14144860208034515
1108,0.05118339080323333,0.15128709375858307
1109,0.05122583927940012,0.1438128799200058
1110,0.05298788896022662,0.14426401257514954
1111,0.05143180998157326,0.1548033207654953
1112,0.05182337836177953,0.14370623230934143
1113,0.05170876772400919,0.1488039791584015
1114,0.0538751961309555,0.14479783177375793
1115,0.05308821259730359,0.1515149027109146
1116,0.05029684613197531,0.1418789178133011
1117,0.05240219654112415,0.146530881524086
1118,0.04999414639179476,0.14403186738491058
1119,0.049826106765373544,0.14694517850875854
1120,0.05117396663748179,0.1457909196615219
1121,0.052491999281502486,0.14929598569869995
1122,0.0511010593946566,0.14279405772686005
1123,0.051797931394405645,0.13915319740772247
1124,0.051079596718613715,0.1435401290655136
1125,0.05178427753896523,0.15453152358531952
1126,0.05179085262954545,0.13585710525512695
1127,0.05079168141410067,0.15112212300300598
1128,0.051499218625959416,0.14184993505477905
1129,0.05101880122885125,0.15119370818138123
1130,0.05058371520518137,0.14505131542682648
1131,0.05125096704881289,0.1475205421447754
1132,0.05179730226987586,0.15274858474731445
1133,0.05185367113250855,0.14762669801712036
1134,0.05026574903415357,0.1476069539785385
1135,0.05254888095887175,0.15647995471954346
1136,0.051620708622275656,0.15526434779167175
1137,0.050775672016149395,0.13920436799526215
1138,0.049445813582483816,0.15127022564411163
1139,0.05378007524962459,0.14307326078414917
1140,0.05067946697087657,0.14752380549907684
1141,0.05179254536203451,0.1436532884836197
1142,0.05520653908689635,0.15053214132785797
1143,0.053126128167556845,0.14784598350524902
1144,0.05377826392801866,0.1404687762260437
1145,0.05533481819339852,0.1424824744462967
1146,0.052552250276671014,0.13904841244220734
1147,0.050703772154499956,0.15579017996788025
1148,0.05183420197932101,0.1381034404039383
1149,0.053165639446836305,0.1433253139257431
1150,0.051298430424418534,0.13814009726047516
1151,0.050323563899815106,0.14992929995059967
1152,0.054741845604577295,0.15088516473770142
1153,0.05084263364224397,0.13807831704616547
1154,0.05196867771579059,0.14567895233631134
1155,0.04905420942464814,0.13810889422893524
1156,0.05211186371653868,0.1392466276884079
1157,0.05003767801821421,0.14007891714572906
1158,0.051074972633608495,0.139497771859169
1159,0.05006206359030283,0.13541331887245178
1160,0.05292767130123027,0.13398119807243347
1161,0.05121209212460542,0.13959330320358276
1162,0.05105903908414649,0.13866561651229858
1163,0.052185835396898625,0.15571723878383636
1164,0.05258647751480496,0.14339019358158112
1165,0.050329829373913,0.1420096457004547
1166,0.05132269556507092,0.14006176590919495
1167,0.05026533750869412,0.14815537631511688
1168,0.05030790427830857,0.14495474100112915
1169,0.05165513276074414,0.13991831243038177
1170,0.0520507443463223,0.14356549084186554
1171,0.0497454620789996,0.13788412511348724
1172,0.052008212594011234,0.14967483282089233
1173,0.05042132544899074,0.1335574984550476
1174,0.05051134940737388,0.13498462736606598
1175,0.05144153588118551,0.13584767282009125
1176,0.051063224316860965,0.15389229357242584
1177,0.050763234017751735,0.1399773806333542
1178,0.04967672272532509,0.15108023583889008
1179,0.05157615052853543,0.14096829295158386
1180,0.05322668446818065,0.14592450857162476
1181,0.05153547185880251,0.1386471688747406
1182,0.051204589142489744,0.13751913607120514
1183,0.05007536304589229,0.1493173986673355
1184,0.05392681126224104,0.13676369190216064
1185,0.05493789650296563,0.13445253670215607
1186,0.05194976218134569,0.14349661767482758
1187,0.04985918281435619,0.13524678349494934
1188,0.04922904885237992,0.14624109864234924
1189,0.05072450075076855,0.14353053271770477
1190,0.049763420507616236,0.13945914804935455
1191,0.050688631945573166,0.1482420712709427
1192,0.04799047171078786,0.14819028973579407
1193,0.047024973613680236,0.15080872178077698
1194,0.051517359027042256,0.13988859951496124
1195,0.0515410653242808,0.13457365334033966
1196,0.05266774317577941,0.14671872556209564
1197,0.05097372197215062,0.13862206041812897
1198,0.050005329626531654,0.14142563939094543
1199,0.04980749598174981,0.1451011598110199
1200,0.05068430535343074,0.1439400017261505
1201,0.051169157024416705,0.13995322585105896
1202,0.05171813508487416,0.14454713463783264
1203,0.050209132958023456,0.1439836621284485
1204,0.05095632423919374,0.14549297094345093
1205,0.05014600212697699,0.1438220590353012
1206,0.04815645101225523,0.1414255052804947
1207,0.051026496007166876,0.1306833177804947
1208,0.050262259101277,0.1458628624677658
1209,0.04982584205515992,0.1397748440504074
1210,0.04942715048786196,0.14507155120372772
1211,0.049659373312659134,0.155990332365036
1212,0.05124629084283198,0.14784084260463715
1213,0.049211718654904084,0.13843242824077606
1214,0.0518889125314117,0.14713071286678314
1215,0.0504469299482605,0.1432809680700302
1216,0.04854010804861788,0.14525637030601501
1217,0.05161338379870603,0.1414516270160675
1218,0.048806174907347885,0.14662492275238037
1219,0.04740499942816956,0.14131268858909607
1220,0.050353354532042364,0.14308631420135498
1221,0.05094678073416218,0.14688564836978912
1222,0.04995536211442712,0.15035316348075867
1223,0.050153012172497555,0.14908269047737122
1224,0.050118214089048575,0.14591355621814728
1225,0.049704025873068006,0.14230197668075562
1226,0.04992962820468904,0.14088425040245056
1227,0.0522834677294099,0.14993099868297577
1228,0.04859611658856146,0.13744749128818512
1229,0.05027138960533919,0.14154250919818878
1230,0.051906514291725644,0.13708315789699554
1231,0.05177226162479774,0.14264622330665588
1232,0.05079743615094591,0.1476658284664154
1233,0.04843756108634697,0.13335555791854858
1234,0.05308706132235858,0.13430650532245636
1235,0.05001031228100916,0.1429433971643448
1236,0.051427946519449326,0.14087073504924774
1237,0.04950609425494754,0.13929477334022522
1238,0.049256342270927615,0.15287204086780548
1239,0.04877844450967201,0.14740034937858582
1240,0.04895698552500504,0.13682547211647034
1241,0.047567783281407504,0.1493890881538391
1242,0.05381832096114511,0.14583559334278107
1243,0.04961372377409304,0.1437789648771286
1244,0.04866934336779566,0.13827140629291534
1245,0.049821630413819505,0.15195615589618683
1246,0.05089315435924879,0.14602787792682648
1247,0.04990664304064745,0.1430390179157257
1248,0.0512450505244204,0.15436716377735138
1249,0.05046602014379897,0.1434790939092636
1250,0.05007861481591645,0.1450493335723877
1251,0.05084304404576755,0.13966576755046844
1252,0.047705399831824306,0.14811928570270538
1253,0.0515859054183842,0.14444267749786377
1254,0.049105628440032495,0.14075803756713867
1255,0.049153284269589835,0.14935743808746338
1256,0.04884870384252929,0.1366257667541504
1257,0.049152042608967654,0.14694197475910187
1258,0.04750813480313924,0.145183265209198
1259,0.05018034656592968,0.14051680266857147
1260,0.048927711901243016,0.1453016996383667
1261,0.04867619263236784,0.1350380927324295
1262,0.04847068720812831,0.14736469089984894
1263,0.04977370469026526,0.1342691332101822
1264,0.04984704314123297,0.14027386903762817
1265,0.050390938369472414,0.15223684906959534
1266,0.047870376072053515,0.13722334802150726
1267,0.051038747444198666,0.14413295686244965
1268,0.04813603847432357,0.14020656049251556
1269,0.049090426319248405,0.13755618035793304
1270,0.04757764955653808,0.1466072052717209
1271,0.047568810672133255,0.15012498199939728
1272,0.051045284496733505,0.14536482095718384
1273,0.04965996475957165,0.14104002714157104
1274,0.048926916178100806,0.14519155025482178
1275,0.05075374901102795,0.14560392498970032
1276,0.050663304350095084,0.14697813987731934
1277,0.05076141114117545,0.15248383581638336
1278,0.0509948109752476,0.14617431163787842
1279,0.05000814346436119,0.145284965634346
1280,0.049633476965894194,0.14817658066749573
1281,0.04854457082538613,0.14456342160701752
1282,0.04961963231612577,0.14733874797821045
1283,0.05010709977383663,0.14346130192279816
1284,0.04908490731656105,0.13998837769031525
1285,0.04789560567126739,0.13947221636772156
1286,0.050998491081570466,0.15264390408992767
1287,0.048812181839988616,0.14719048142433167
1288,0.049688581545073704,0.14175140857696533
1289,0.04873026568428875,0.14361132681369781
1290,0.04936176755882364,0.14454035460948944
1291,0.04899487148910334,0.14832015335559845
1292,0.0481513710256466,0.14124493300914764
1293,0.04888198059867624,0.1506497859954834
1294,0.049952451152923884,0.14751988649368286
1295,0.047815714960771534,0.14843212068080902
1296,0.05061363913341005,0.1443762183189392
1297,0.050218970000426216,0.1400889903306961
1298,0.04930174455345396,0.14926409721374512
1299,0.04843035868212227,0.14149050414562225
1300,0.049649912285394074,0.14591848850250244
1301,0.04759931000834219,0.14025774598121643
1302,0.0477745490631519,0.13676965236663818
1303,0.048224477439621515,0.13972057402133942
1304,0.05028435377203908,0.15583868324756622
1305,0.04703599943918499,0.14744174480438232
1306,0.05198714360519119,0.13920250535011292
1307,0.04896163197735091,0.14425919950008392
1308,0.047804390385041695,0.13873688876628876
1309,0.04965207870879946,0.15065042674541473
1310,0.049742532300549765,0.15068380534648895
1311,0.04851924983815045,0.13986438512802124
1312,0.04928365028622247,0.14860771596431732
1313,0.04873221449751552,0.14822106063365936
1314,0.04837648164352825,0.15174329280853271
1315,0.048197501392787126,0.14346802234649658
1316,0.049317493396632155,0.14733821153640747
1317,0.04770027348045399,0.15830519795417786
1318,0.047196802045394136,0.1434457153081894
1319,0.047003156039568394,0.15259264409542084
1320,0.04837952615912305,0.15392029285430908
1321,0.04621889838085473,0.14595532417297363
1322,0.048282802703142426,0.14780955016613007
1323,0.0479985433574513,0.14687980711460114
1324,0.0472515796016594,0.15027524530887604
1325,0.04964879891826763,0.14004671573638916
1326,0.04745499895077991,0.15311016142368317
1327,0.04826203988877544,0.1474013328552246
1328,0.04879741113202295,0.15872782468795776
1329,0.04899481205368251,0.15439870953559875
1330,0.052021691214272914,0.14465925097465515
1331,0.04833174856348194,0.1422087848186493
1332,0.05049874849854773,0.1357417106628418
1333,0.04952937695226713,0.149549663066864
1334,0.049392090219086825,0.15258055925369263
1335,0.0458292359572016,0.15196150541305542
1336,0.047390657705982206,0.13807782530784607
1337,0.04800973856289168,0.1476266235113144
1338,0.046944836186486864,0.14792992174625397
1339,0.047118354630816664,0.1612510234117508
1340,0.047350532594250934,0.1502300649881363
1341,0.04761472973505066,0.13987186551094055
1342,0.047128653456536725,0.13438363373279572
1343,0.04841216606127098,0.14441728591918945
1344,0.04784927102340658,0.15073524415493011
1345,0.0500952870125449,0.1408023238182068
1346,0.04788179542075679,0.15746046602725983
1347,0.04895111693447729,0.14919447898864746
1348,0.04746320414869877,0.1464788168668747
1349,0.047575534242309904,0.14838138222694397
1350,0.049849826447375456,0.15189671516418457
1351,0.04685993153540907,0.14689901471138
1352,0.04995111150667308,0.14757175743579865
1353,0.046357368809074,0.15676774084568024
1354,0.0476330068525385,0.14943554997444153
1355,0.04767230437739279,0.14370042085647583
1356,0.04702373982504409,0.15206578373908997
1357,0.04819792958940517,0.1492675244808197
1358,0.04710086094362756,0.14542795717716217
1359,0.04921078127241047,0.14963507652282715
1360,0.048604549360073336,0.14983730018138885
1361,0.050405546604486574,0.14119240641593933
1362,0.049991959927878,0.14697079360485077
1363,0.047875851864020484,0.1437849998474121
1364,0.048138445355976583,0.1449839025735855
1365,0.04687599095888979,0.14597325026988983
1366,0.04867463754937894,0.14437346160411835
1367,0.046477829341434795,0.14647971093654633
1368,0.04755622522980863,0.13923540711402893
1369,0.04704391726506209,0.14852619171142578
1370,0.04708361141634175,0.14275823533535004
1371,0.0491010001310463,0.14479981362819672
1372,0.049252582633367514,0.1365814357995987
1373,0.049286025071103266,0.1414305716753006
1374,0.048871325943210135,0.13697287440299988
1375,0.049762431697586956,0.1482953280210495
1376,0.04773871655814759,0.13934774696826935
1377,0.04878462979241746,0.14199350774288177
1378,0.047443574619424056,0.14866873621940613
1379,0.050819195418426825,0.14425277709960938
1380,0.05050240463864726,0.1386381834745407
1381,0.048799425775728586,0.13542065024375916
1382,0.04759895655576718,0.14753466844558716
1383,0.04670297997652569,0.1342705637216568
1384,0.0481212338603548,0.14528395235538483
1385,0.04799493214890953,0.1374136209487915
1386,0.047942282813270905,0.1546747386455536
1387,0.04702086543553017,0.13949215412139893
1388,0.045844532145701784,0.14636918902397156
1389,0.046964720122222144,0.14954669773578644
1390,0.04664825380738088,0.1460667848587036
1391,0.04972288481084742,0.14366677403450012
1392,0.04654120672846329,0.16191960871219635
1393,0.04653642394850209,0.1448337286710739
1394,0.04808778629839504,0.138782799243927
1395,0.05091661769675053,0.1475754976272583
1396,0.04875027107696684,0.14056888222694397
1397,0.04726416168975741,0.13669830560684204
1398,0.04755845020564509,0.13892149925231934
1399,0.0481357673180011,0.1434437781572342
1400,0.04774206602711232,0.14213955402374268
1401,0.047559099782637844,0.14414860308170319
1402,0.046998617560609225,0.15297818183898926
1403,0.047307996038910456,0.153710275888443
1404,0.04560382176290353,0.1445881575345993
1405,0.04821463209177362,0.1475997269153595
1406,0.048944921781910566,0.1486014425754547
1407,0.047922175657914054,0.14477185904979706
1408,0.048826100907878534,0.14418090879917145
1409,0.0482517933023224,0.14047572016716003
1410,0.046278826422992206,0.14087402820587158
1411,0.04555006531007988,0.13015812635421753
1412,0.047611009748835746,0.14743897318840027
1413,0.04903623366097617,0.14442867040634155
1414,0.04715281634078294,0.14376074075698853
1415,0.047993563294747264,0.13700000941753387
1416,0.046882861466739645,0.14173468947410583
1417,0.04735803825062493,0.14353293180465698
1418,0.0474307369982027,0.1386336386203766
1419,0.04858637388236419,0.13987819850444794
1420,0.04790808842963539,0.14394722878932953
1421,0.04768616392548625,0.14217178523540497
1422,0.04776926066354437,0.14397822320461273
1423,0.04717127126536988,0.14692018926143646
1424,0.0462702402636804,0.1516154259443283
1425,0.045462032364318096,0.14535126090049744
1426,0.04718467171693072,0.14357906579971313
1427,0.049047194471396764,0.14846187829971313
1428,0.04917153207115595,0.14772778749465942
1429,0.047865409722161495,0.13802143931388855
1430,0.04749500740150739,0.1384727954864502
1431,0.047541898171727145,0.15159821510314941
1432,0.04691812451118186,0.14065517485141754
1433,0.04751778526526843,0.1413242220878601
1434,0.04671224757987387,0.15050528943538666
1435,0.04714378491308752,0.1471320390701294
1436,0.04697558220748656,0.13330848515033722
1437,0.04720106712699526,0.12833093106746674
1438,0.04808455778508263,0.1487130969762802
1439,0.04874664323649995,0.1335756927728653
1440,0.04753549322400839,0.1441570669412613
1441,0.04804049928699437,0.14053875207901
1442,0.048554885889514725,0.1359342634677887
1443,0.048910217294666825,0.13697516918182373
1444,0.04816298587244184,0.14209428429603577
1445,0.04885023444996859,0.12985730171203613
1446,0.047389270706805854,0.1434883028268814
1447,0.04988845584299824,0.13364054262638092
1448,0.047223685098233645,0.14503808319568634
1449,0.04623304319703523,0.14973971247673035
1450,0.04664339787776875,0.13978900015354156
1451,0.047202868582088775,0.13788898289203644
1452,0.04597070899776298,0.14774441719055176
1453,0.04797650803844346,0.1470969319343567
1454,0.0469149831574197,0.147233247756958
1455,0.046062940647269006,0.14437876641750336
1456,0.04702067265234809,0.14038971066474915
1457,0.04757735116934091,0.14278127253055573
1458,0.04741878239604562,0.14627526700496674
1459,0.04781104314492304,0.14214830100536346
1460,0.048188059179632516,0.15035608410835266
1461,0.04790858203721764,0.14409224689006805
1462,0.04493931403588997,0.14078816771507263
1463,0.05004398540832748,0.15535160899162292
1464,0.05247741481819865,0.13880568742752075
1465,0.050061734356605346,0.14986583590507507
1466,0.046550566928744576,0.14405657351016998
1467,0.04775140830265426,0.1352153718471527
1468,0.04659106856706693,0.14557117223739624
1469,0.0457776444180032,0.1363149881362915
1470,0.04561459208860976,0.1459486484527588
1471,0.04543154689478263,0.14244318008422852
1472,0.04659221578252798,0.15471427142620087
1473,0.0490207093288157,0.1418233960866928
1474,0.04589348813064388,0.1324876844882965
1475,0.04510031275894569,0.1455463469028473
1476,0.048647011609556805,0.1459251195192337
1477,0.04679996981297921,0.1422257125377655
1478,0.047232460157794254,0.14766156673431396
1479,0.04549851280370841,0.13928326964378357
1480,0.04645031130551354,0.1433565765619278
1481,0.04748242990112731,0.1415868103504181
1482,0.047821997248544836,0.14549629390239716
1483,0.04596466155264935,0.15187904238700867
1484,0.047397746068156395,0.14446566998958588
1485,0.04927155730047363,0.14874400198459625
1486,0.04805419700499825,0.14755168557167053
1487,0.04832665502264965,0.15202343463897705
1488,0.04464900239218674,0.1490875631570816
1489,0.047471438072618985,0.14214323461055756
1490,0.047479564853673384,0.14720819890499115
1491,0.045781149550782683,0.15560461580753326
1492,0.04673325823937375,0.14240173995494843
1493,0.04742685934584723,0.14226119220256805
1494,0.04894373273740957,0.14158044755458832
1495,0.04566429188748465,0.14859774708747864
1496,0.04959662607803046,0.14337113499641418
1497,0.04563229345565156,0.14677833020687103
1498,0.047948300762839645,0.136439248919487
1499,0.04713468579628597,0.14547452330589294
1500,0.044168020142560195,0.14096352458000183
1501,0.04664986823857882,0.14364084601402283
1502,0.04637568425436777,0.14889009296894073
1503,0.046601614322196165,0.14712323248386383
1504,0.04497383790634986,0.1418796181678772
1505,0.04553306636706235,0.14034348726272583
1506,0.045390572866393954,0.1409258395433426
1507,0.04588484495562461,0.14341112971305847
1508,0.0467865641353291,0.1439666450023651
1509,0.04966076850454346,0.1411096751689911
1510,0.047042904467301964,0.14078637957572937
1511,0.046326335503480684,0.15164555609226227
1512,0.04423339156366109,0.14557163417339325
1513,0.04648598674824207,0.1485912948846817
1514,0.046863752330881796,0.14204557240009308
1515,0.04780316310254636,0.14282912015914917
1516,0.04656951234516055,0.14869928359985352
1517,0.04572636041118551,0.14307184517383575
1518,0.04690480683896539,0.14421570301055908
1519,0.0450660837597955,0.1407128870487213
1520,0.04537381594859999,0.14858241379261017
1521,0.046094417826566446,0.1468048095703125
1522,0.04638310048297613,0.1471383273601532
1523,0.049254468562881015,0.14523902535438538
1524,0.046416925419773825,0.14451166987419128
1525,0.04728828265609747,0.13577285408973694
1526,0.0477918462591219,0.14616751670837402
1527,0.04620138780294132,0.14038331806659698
1528,0.04684070071169809,0.13733036816120148
1529,0.04515114351643809,0.1524803340435028
1530,0.04634953823563124,0.1334667056798935
1531,0.04517044682448519,0.14026407897472382
1532,0.046397915436622604,0.1440523862838745
1533,0.04681878026868865,0.13748124241828918
1534,0.04367507626325584,0.1369623988866806
1535,0.04542609308065761,0.1456325650215149
1536,0.047930977186368906,0.14255979657173157
1537,0.04714080278676955,0.1485597789287567
1538,0.04868307190441099,0.14109697937965393
1539,0.04634293895075352,0.14495514333248138
1540,0.045874919819867396,0.13900120556354523
1541,0.04604797749905973,0.1489485204219818
1542,0.04592968428207524,0.13888126611709595
1543,0.046248170351138075,0.14246709644794464
1544,0.046891769026996384,0.1468280702829361
1545,0.04703605503965084,0.1526656299829483
1546,0.046749737999776476,0.14984406530857086
1547,0.0462513833022287,0.1397506445646286
1548,0.04347512043956769,0.146868497133255
1549,0.044851320668678724,0.1453891545534134
1550,0.046276984329571384,0.1522313505411148
1551,0.0474195691368469,0.1524452567100525
1552,0.04713927049134501,0.14458343386650085
1553,0.0455423493641174,0.14376245439052582
1554,0.04335726151599026,0.14123506844043732
1555,0.046032126416255946,0.14004983007907867
1556,0.04471879700677844,0.13874326646327972
1557,0.04601600790785595,0.14848603308200836
1558,0.04515360815734401,0.1439932882785797
1559,0.045366477709069285,0.1528661549091339
1560,0.04505868407164623,0.14218418300151825
1561,0.04847563058279702,0.152491495013237
1562,0.04486496615698761,0.1405867040157318
1563,0.05628425498759969,0.1489565670490265
1564,0.04959727168582354,0.1394859254360199
1565,0.047987456768732235,0.14116108417510986
1566,0.047416464160797395,0.15089750289916992
1567,0.04776151794285554,0.15215222537517548
1568,0.04744507668663018,0.13996152579784393
1569,0.04749006291577476,0.1468750387430191
1570,0.0467425115371534,0.13866488635540009
1571,0.04727950661120916,0.15307985246181488
1572,0.045112772024491994,0.14948631823062897
1573,0.046524647088685235,0.14852331578731537
1574,0.04662364121096802,0.14567501842975616
1575,0.04773788593847495,0.1441861391067505
1576,0.048925998700692135,0.15465053915977478
1577,0.048337023444317756,0.14170239865779877
1578,0.04742559349541812,0.14681589603424072
1579,0.045806279831611174,0.14628297090530396
1580,0.04525422930902764,0.14800789952278137
1581,0.04477450237587584,0.14311973750591278
1582,0.04502266831908745,0.14488431811332703
1583,0.044201743119093626,0.14499475061893463
1584,0.04593562626427253,0.15199725329875946
1585,0.04357671445121455,0.1442808210849762
1586,0.044925798069604866,0.14799803495407104
1587,0.04690919295019523,0.14930522441864014
1588,0.044807710332089065,0.1481199413537979
1589,0.04792741568783428,0.14146628975868225
1590,0.045996896498583094,0.14867804944515228
1591,0.044194958260777545,0.1477525234222412
1592,0.04534890794011712,0.14936701953411102
1593,0.04922264052112761,0.14215700328350067
1594,0.049407956663927076,0.1360594779253006
1595,0.0479298580091415,0.14816027879714966
1596,0.04561196832283396,0.13343070447444916
1597,0.04632014911841611,0.1449742317199707
1598,0.0458601996077603,0.1522606909275055
1599,0.04915740190537323,0.13789287209510803
1600,0.045809105022571336,0.13002781569957733
1601,0.044374623158520025,0.14658908545970917
1602,0.04584748642711738,0.15068897604942322
1603,0.043696382265339916,0.13919022679328918
1604,0.04433812614629118,0.14198867976665497
1605,0.04591626414428612,0.1477365642786026
1606,0.04621243913115667,0.14461028575897217
1607,0.0441664755431839,0.1423230767250061
1608,0.0447862995581652,0.15108951926231384
1609,0.04387510632875115,0.14289094507694244
1610,0.04442184424821215,0.1426449865102768
1611,0.04655671215221114,0.15249036252498627
1612,0.04384065655876335,0.14179757237434387
1613,0.04521854404185632,0.13839955627918243
1614,0.04590365081758929,0.14204621315002441
1615,0.04740738808397804,0.14501608908176422
1616,0.045950287109499215,0.14135365188121796
1617,0.04839418311219895,0.1458013355731964
1618,0.04527426652384355,0.14318908751010895
1619,0.044855623255127985,0.14254002273082733
1620,0.04549587218100582,0.1446610391139984
1621,0.044082552083985274,0.15072111785411835
1622,0.04399352960213839,0.13656140863895416
1623,0.04598004331741595,0.14821802079677582
1624,0.045225944173863934,0.14221903681755066
1625,0.04538962884162408,0.13999168574810028
1626,0.04596471535546528,0.14255046844482422
1627,0.045869238241181554,0.14498478174209595
1628,0.04523404082549267,0.13596060872077942
1629,0.043587914163306075,0.1411290466785431
1630,0.04465204149923293,0.14921657741069794
1631,0.045274152370473934,0.14819282293319702
1632,0.04427172852210467,0.1515771895647049
1633,0.045407450278255934,0.14535029232501984
1634,0.04442162009029579,0.1373840719461441
1635,0.04363265427229119,0.14128947257995605
1636,0.04527342791897499,0.14767427742481232
1637,0.04461234798159768,0.14596688747406006
1638,0.04400294360405387,0.1404358595609665
1639,0.04432857917831371,0.1465528905391693
1640,0.04755336960737225,0.13942851126194
1641,0.045371377077948666,0.13706642389297485
1642,0.04571248485724827,0.14486360549926758
1643,0.04389080481055182,0.14045019447803497
1644,0.042483471044692696,0.1422918438911438
1645,0.04339517005305048,0.14653585851192474
1646,0.04286565284813484,0.14028231799602509
1647,0.046690251937263914,0.13749051094055176
1648,0.04664233821395644,0.14536823332309723
1649,0.04502432938637263,0.14228151738643646
1650,0.04537035276586975,0.14070047438144684
1651,0.04436763126368587,0.149778813123703
1652,0.04762378939005676,0.1404643952846527
1653,0.044778377171277306,0.14151906967163086
1654,0.0446615491420231,0.1471351981163025
1655,0.04753035002043822,0.14835330843925476
1656,0.046373995793128946,0.1390703320503235
1657,0.04607426247807297,0.15079577267169952
1658,0.04427994554419231,0.14195014536380768
1659,0.04458579620732381,0.13907453417778015
1660,0.04381121607168104,0.14556536078453064
1661,0.04457435176218922,0.1422577053308487
1662,0.04403126758698536,0.1521170437335968
1663,0.04326626124155202,0.1405247449874878
1664,0.044790275407679235,0.14123453199863434
1665,0.04514237025500009,0.15687330067157745
1666,0.044949720122649,0.13925105333328247
1667,0.0436550075458423,0.14115437865257263
1668,0.04440439384926501,0.1404065191745758
1669,0.045319997895423444,0.15174679458141327
1670,0.04475777107660215,0.1497247815132141
1671,0.04867162188174019,0.1488102376461029
1672,0.04438023442938279,0.14243973791599274
1673,0.04898424489881435,0.14738361537456512
1674,0.04545981300182431,0.13967926800251007
1675,0.04519018810254232,0.1461152285337448
1676,0.04591992309596118,0.14905749261379242
1677,0.04505918154585386,0.14158231019973755
1678,0.044308047467489835,0.14553077518939972
1679,0.04355009293540331,0.14804618060588837
1680,0.04778617438197877,0.14503991603851318
1681,0.046606839058383996,0.150678813457489
1682,0.04370487736656935,0.15069779753684998
1683,0.04477920968313838,0.15303565561771393
1684,0.042541162961593604,0.14695106446743011
1685,0.04542331752525552,0.14267835021018982
1686,0.043173874868180466,0.1563667505979538
1687,0.04445307353026234,0.15028303861618042
1688,0.04507635486209518,0.13973572850227356
1689,0.04528021394862331,0.15272106230258942
1690,0.045011448011779795,0.14713670313358307
1691,0.04579973987721653,0.15305007994174957
1692,0.04501332170375485,0.1441548466682434
1693,0.0453888349846722,0.14415565133094788
1694,0.04525849989607936,0.14554251730442047
1695,0.044854093532569216,0.1421339213848114
1696,0.04296668198741022,0.14863593876361847
1697,0.04458528235148179,0.15066640079021454
1698,0.044586072843098776,0.1393471211194992
1699,0.042972557726468005,0.15294544398784637
1700,0.04247183577438691,0.14722704887390137
1701,0.0443620443539811,0.1489977389574051
1702,0.0418568035130811,0.1423892378807068
1703,0.04711315057398424,0.14417478442192078
1704,0.04452422798618669,0.14432132244110107
1705,0.04360961343333467,0.15268713235855103
1706,0.04594373230593956,0.14656798541545868
1707,0.04592337410402107,0.14850886166095734
1708,0.04671386042164298,0.14142797887325287
1709,0.045029336125246615,0.14297200739383698
1710,0.045410042014381875,0.1454925686120987
1711,0.04601108144211022,0.13034288585186005
1712,0.04557034078724999,0.140897735953331
1713,0.04670888034168566,0.1420482099056244
1714,0.0460322560356544,0.13967597484588623
1715,0.04672382696621643,0.14202962815761566
1716,0.04387870518205402,0.14073637127876282
1717,0.043141412507714756,0.14040657877922058
1718,0.04416181585024591,0.14368024468421936
1719,0.044160188141585816,0.14297768473625183
1720,0.04267359322227435,0.14566005766391754
1721,0.04279158531091734,0.1364857256412506
1722,0.04447126415965975,0.13908962905406952
1723,0.04412017247922385,0.1428072601556778
1724,0.04390787196263733,0.14117531478405
1725,0.04486390410276888,0.14604732394218445
1726,0.04300737630610402,0.14372839033603668
1727,0.04461284644893244,0.14151641726493835
1728,0.042778935938101705,0.14002986252307892
1729,0.0452509349531827,0.15050581097602844
1730,0.04387411307588422,0.14376644790172577
1731,0.045910544184852776,0.14587058126926422
1732,0.044589669374535644,0.1500069946050644
1733,0.04438005659179501,0.13595983386039734
1734,0.047838038121913916,0.13901959359645844
1735,0.04429905417852332,0.14903460443019867
1736,0.04379994361456344,0.1452106386423111
1737,0.0446658915745669,0.14382432401180267
1738,0.044655054546736656,0.15146981179714203
1739,0.04346718253654554,0.15370409190654755
1740,0.04310067130169761,0.15479828417301178
1741,0.04359161693074803,0.14454734325408936
1742,0.046918278949777424,0.15586359798908234
1743,0.04529221456314975,0.1563434898853302
1744,0.04638643015793867,0.1514580249786377
1745,0.04494636803591271,0.14721651375293732
1746,0.044876363118969836,0.14804890751838684
1747,0.04481043507067432,0.14938348531723022
1748,0.043375537291503834,0.14841343462467194
1749,0.04522494822074058,0.14899423718452454
1750,0.04289638013396374,0.14605577290058136
1751,0.04419980260965758,0.13986581563949585
1752,0.045654945808658136,0.145046204328537
1753,0.04391547063073218,0.14751768112182617
1754,0.04293912177076574,0.1449141800403595
1755,0.04648347507206003,0.1464160829782486
1756,0.04437448265868355,0.1443539559841156
1757,0.04569972959420218,0.1466027796268463
1758,0.04400446954601732,0.14645446836948395
1759,0.0440271136699186,0.14880608022212982
1760,0.04309599371923588,0.14148657023906708
1761,0.04436138762798562,0.14564943313598633
1762,0.04428229357278176,0.15993015468120575
1763,0.04601484373951152,0.15662536025047302
1764,0.04424068565559469,0.14446619153022766
1765,0.045163436101832495,0.15482181310653687
1766,0.04604439948440967,0.15800337493419647
1767,0.04429097730671599,0.14608927071094513
1768,0.04289376573695505,0.15686987340450287
1769,0.04195607762678355,0.1444345861673355
1770,0.043413633213360406,0.1477198749780655
1771,0.04538455778039692,0.14167077839374542
1772,0.0431218146961128,0.14111319184303284
1773,0.04357364429157407,0.15665468573570251
1774,0.04450688687825684,0.15721645951271057
1775,0.043365736353833756,0.14782141149044037
1776,0.042355028942441024,0.1597328633069992
1777,0.04135341726360724,0.14892859756946564
1778,0.042728320713776684,0.14988717436790466
1779,0.044608677086635316,0.1454770416021347
1780,0.04525750353336788,0.15397340059280396
1781,0.04616786088794943,0.14138111472129822
1782,0.044346194770558206,0.14648300409317017
1783,0.04349998973145497,0.14988836646080017
1784,0.043087558823443506,0.15350939333438873
1785,0.04161588754705813,0.14615941047668457
1786,0.04223141047426202,0.1501007080078125
1787,0.04368761349400883,0.15015655755996704
1788,0.04352056025294026,0.14811117947101593
1789,0.04371248314041555,0.14857341349124908
1790,0.04325114369492606,0.1437041163444519
1791,0.043380912366860744,0.14304399490356445
1792,0.04397489919728161,0.14667940139770508
1793,0.04319260600051924,0.14246781170368195
1794,0.042529866716221436,0.13872860372066498
1795,0.046545667065901436,0.144678995013237
1796,0.04421062166807903,0.14969341456890106
1797,0.04440248108073897,0.14664947986602783
1798,0.042076225148256534,0.15053516626358032
1799,0.04601302466621981,0.14257307350635529
1800,0.042198345975995505,0.14622396230697632
1801,0.04389947832014533,0.14711125195026398
1802,0.044304077783777936,0.13972501456737518
1803,0.043898696948895526,0.140608012676239
1804,0.043747981118038064,0.14153757691383362
1805,0.04302110769541913,0.14413295686244965
1806,0.042101703915078996,0.14829570055007935
1807,0.042785991660143546,0.14624392986297607
1808,0.041169714560533005,0.14954783022403717
1809,0.042071843106673536,0.15464606881141663
1810,0.04191614985995419,0.140223890542984
1811,0.04251857457476633,0.14305058121681213
1812,0.043866642274207356,0.1473204344511032
1813,0.04604061682128449,0.14246119558811188
1814,0.04338725713537688,0.1390782743692398
1815,0.04506714363821024,0.14932437241077423
1816,0.046067823323009585,0.1443730592727661
1817,0.045671174271735816,0.14765481650829315
1818,0.04456028765401415,0.13944292068481445
1819,0.043804432409277214,0.1400473266839981
1820,0.04526901833855808,0.13639773428440094
1821,0.04528958951543164,0.13626626133918762
1822,0.04495339006253599,0.13370899856090546
1823,0.04424887511285031,0.13938866555690765
1824,0.043406741558189486,0.14213605225086212
1825,0.0440701861021944,0.1433536261320114
1826,0.04574305817622882,0.15078525245189667
1827,0.043421264328019994,0.14823560416698456
1828,0.04445702390259118,0.14944516122341156
1829,0.043178407863905595,0.14789149165153503
1830,0.04420355490961061,0.15240202844142914
1831,0.04303427236933437,0.1419820934534073
1832,0.04358151597603673,0.1430787891149521
1833,0.04768103027030639,0.14759457111358643
1834,0.04436206564358264,0.1485321968793869
1835,0.044819227283067274,0.14672423899173737
1836,0.04579805951367446,0.13286596536636353
1837,0.04486526753632887,0.138486847281456
1838,0.044577001985514654,0.14748187363147736
1839,0.043106999671326085,0.1496691256761551
1840,0.0460871940055859,0.13936367630958557
1841,0.045148242707898995,0.14985166490077972
1842,0.04655222127954074,0.15033788979053497
1843,0.04437731658972969,0.14236104488372803
1844,0.04385060882329366,0.14146924018859863
1845,0.04562295778220702,0.15241535007953644
1846,0.0441515778012119,0.1509954333305359
1847,0.043312681139521365,0.14753474295139313
1848,0.042293991291319534,0.14494812488555908
1849,0.04173236343498657,0.1457989662885666
1850,0.04184355506267649,0.1450498402118683
1851,0.04252706470657856,0.14697809517383575
1852,0.04322877597943461,0.14124664664268494
1853,0.04096478914546341,0.14203539490699768
1854,0.04188339361823342,0.1404367983341217
1855,0.04148575993387844,0.13897712528705597
1856,0.041402025171198106,0.14177198708057404
1857,0.041492927242805476,0.1370721310377121
1858,0.04193171585996643,0.14444293081760406
1859,0.0433419511140966,0.14749673008918762
1860,0.04370709366731505,0.1406400203704834
1861,0.04329086512387699,0.14403115212917328
1862,0.043146080639869897,0.13675732910633087
1863,0.04298030060503616,0.13932539522647858
1864,0.043671188940791715,0.14089231193065643
1865,0.042873223396220225,0.13949711620807648
1866,0.041520217375666975,0.14434321224689484
1867,0.04236942146182847,0.14340345561504364
1868,0.04305216411662546,0.1435387283563614
1869,0.04415086610626787,0.14980876445770264
1870,0.0446127761897967,0.14625225961208344
1871,0.04317138444922052,0.15018969774246216
1872,0.045242119494004536,0.14723527431488037
1873,0.044362669912990677,0.13538908958435059
1874,0.04333387089964362,0.14350156486034393
1875,0.04219652495237417,0.14019562304019928
1876,0.04221395871325119,0.14534668624401093
1877,0.046256659002240776,0.14172933995723724
1878,0.04498672432504531,0.14777041971683502
1879,0.04400223846039279,0.13675570487976074
1880,0.042057143796323714,0.1447441577911377
1881,0.04306746819011074,0.14583703875541687
1882,0.04483181223190083,0.14828617870807648
1883,0.04504344945466469,0.15182547271251678
1884,0.04038232620940219,0.14713416993618011
1885,0.0436332014378346,0.13615939021110535
1886,0.04414495325422411,0.15802769362926483
1887,0.04430366894179432,0.1462060511112213
1888,0.04357991416242209,0.1520257592201233
1889,0.04323792113531265,0.14438676834106445
1890,0.04351942485006702,0.14118920266628265
1891,0.04376715741311365,0.13920338451862335
1892,0.04457497076542528,0.14219975471496582
1893,0.044781878074876186,0.1483919769525528
1894,0.043026895667280345,0.13084560632705688
1895,0.04413827352037649,0.14264589548110962
1896,0.041635963491941375,0.14525243639945984
1897,0.04244301431972943,0.1448230743408203
1898,0.04215377863355207,0.14273762702941895
1899,0.04219647516673621,0.14562560617923737
1900,0.04187590411801944,0.1365129053592682
1901,0.0432334532139946,0.13744844496250153
1902,0.04200867137637345,0.13970176875591278
1903,0.04433190998017538,0.14406414330005646
1904,0.04151935491258534,0.14140944182872772
1905,0.04276008495857473,0.14273197948932648
1906,0.04140081262536694,0.14580205082893372
1907,0.042347155201765595,0.142014279961586
1908,0.04356766911784853,0.1513814777135849
1909,0.043060637342587235,0.14363010227680206
1910,0.04313763154486482,0.13721641898155212
1911,0.04226561545542905,0.14876198768615723
1912,0.04251769547006939,0.14022919535636902
1913,0.04141730556183926,0.15392501652240753
1914,0.04267008542019981,0.14109905064105988
1915,0.04112425533840271,0.14451295137405396
1916,0.04237698934770919,0.13630323112010956
1917,0.044319530179216665,0.13930532336235046
1918,0.0446524535812879,0.14421160519123077
1919,0.04485664460342437,0.1449776440858841
1920,0.04453460425667889,0.14049527049064636
1921,0.043596082737948474,0.14480605721473694
1922,0.04121386469527937,0.14705395698547363
1923,0.042133889612117226,0.1475074291229248
1924,0.04279027558658014,0.15818090736865997
1925,0.04069819187117007,0.14514100551605225
1926,0.046193618502275484,0.15971702337265015
1927,0.045731502191241946,0.15426374971866608
1928,0.04336492626745452,0.1515551060438156
1929,0.041741481196201934,0.15161748230457306
1930,0.04246033331108205,0.13765670359134674
1931,0.04059803052316718,0.14847983419895172
1932,0.04226171748131011,0.13962584733963013
1933,0.04181622148558446,0.15270787477493286
1934,0.04360570253320052,0.1491135209798813
1935,0.04163979494734103,0.1373067945241928
1936,0.04226637800902321,0.1452794373035431
1937,0.043031628561392754,0.14471153914928436
1938,0.04251562944964253,0.14798922836780548
1939,0.0411970316153646,0.14281488955020905
1940,0.04074138225017352,0.13866040110588074
1941,0.04230925021179057,0.1390904188156128
1942,0.04243118587402489,0.15261375904083252
1943,0.0426957756607057,0.1427755057811737
1944,0.04083792508157085,0.14381176233291626
1945,0.041947966691802833,0.1524425595998764
1946,0.0442371801470246,0.13864555954933167
1947,0.04396975461061292,0.1564582884311676
1948,0.042361338744704574,0.1459396481513977
1949,0.04123524871740248,0.13767191767692566
1950,0.041360281443285046,0.1397508680820465
1951,0.042363874427525164,0.14245115220546722
1952,0.041595800616799114,0.14097291231155396
1953,0.04312502039988064,0.1491180658340454
1954,0.04193885751421221,0.15487852692604065
1955,0.042749610608388076,0.14545486867427826
1956,0.041343589420984005,0.1464594155550003
1957,0.04306632986836076,0.13722798228263855
1958,0.04127898339081455,0.13976451754570007
1959,0.04263602422691892,0.1422232985496521
1960,0.042638646516475774,0.1436777412891388
1961,0.04106222117614427,0.1415855884552002
1962,0.04378554565282986,0.13422268629074097
1963,0.04242159544078208,0.1388777196407318
1964,0.04233763181453065,0.1490999311208725
1965,0.04072590380181003,0.1385531723499298
1966,0.044188532342052056,0.1424785703420639
1967,0.04259604597888445,0.14361661672592163
1968,0.042659542651660526,0.13983125984668732
1969,0.04304207310949337,0.15104138851165771
1970,0.041751850101434555,0.14657382667064667
1971,0.04111954316949688,0.14623641967773438
1972,0.042856707775703225,0.13294453918933868
1973,0.04310701081529023,0.13891875743865967
1974,0.043455640778423885,0.13786640763282776
1975,0.04266992501858723,0.14100563526153564
1976,0.045419297678460625,0.13816726207733154
1977,0.04283142258240485,0.14146459102630615
1978,0.040824683654669076,0.12808838486671448
1979,0.04144356383608465,0.14050798118114471
1980,0.04219655243850287,0.13426032662391663
1981,0.04243327070832585,0.14159341156482697
1982,0.04429817010440918,0.13825325667858124
1983,0.04430045628920907,0.14088542759418488
1984,0.042924909169522504,0.13973937928676605
1985,0.04544322118917053,0.1415296047925949
1986,0.04531528606094763,0.14007440209388733
1987,0.043636682800794524,0.1432628184556961
1988,0.042228565454320424,0.1411132961511612
1989,0.03987596453946377,0.1451341211795807
1990,0.04047319721801604,0.13532158732414246
1991,0.044476414177566294,0.14204178750514984
1992,0.04113472660497926,0.14631040394306183
1993,0.041821100719177606,0.15064603090286255
1994,0.043503638369214066,0.14407044649124146
1995,0.04365557350446134,0.1394997239112854
1996,0.04166567607269555,0.14976243674755096
1997,0.04106405103840799,0.1346941888332367
1998,0.04202107103136632,0.13977278769016266
1999,0.04091157084748068,0.13915786147117615
2000,0.04023677941760108,0.1347464621067047
